序号,链接,节点数
0,https://raw.githubusercontent.com/ALIILAPRO/v2rayNG-Config/main/sub.txt,268
1,https://raw.githubusercontent.com/Epodonios/v2ray-configs/main/All_Configs_base64_Sub.txt,0
2,https://raw.githubusercontent.com/Misaka-blog/chromego_merge/main/sub/merged_proxies_new.yaml,6279
3,https://raw.githubusercontent.com/MrMohebi/xray-proxy-grabber-telegram/master/collected-proxies/clash-meta/all.yaml,185
4,https://raw.githubusercontent.com/NiceVPN123/NiceVPN/main/Clash.yaml,3646
5,https://raw.githubusercontent.com/PangTouY00/Auto_proxy/main/Long_term_subscription_num,644
6,https://raw.githubusercontent.com/Vauth/node/main/Main,4199
7,https://raw.githubusercontent.com/Vauth/node/main/Master,0
8,https://raw.githubusercontent.com/WilliamStar007/ClashX-V2Ray-TopFreeProxy/main/combine/clash.config.yaml,337
9,https://raw.githubusercontent.com/aiboboxx/clashfree/main/clash.yml,131
10,https://raw.githubusercontent.com/anaer/Sub/main/clash.yaml,844
11,https://raw.githubusercontent.com/chengaopan/AutoMergePublicNodes/master/list.yml,152
12,https://raw.githubusercontent.com/ermaozi/get_subscribe/main/subscribe/v2ray.txt,27
13,https://raw.githubusercontent.com/hsb4657/v2ray/main/lastest.txt,32
14,https://raw.githubusercontent.com/imohammadkhalili/V2RAY/main/Mkhalili,4
15,https://raw.githubusercontent.com/itsyebekhe/HiN-VPN/main/subscription/normal/mix,0
16,https://raw.githubusercontent.com/itxve/fetch-clash-node/main/node/ClashNode.yaml,18
17,https://raw.githubusercontent.com/kaoxindalao/v2raycheshi/main/v2raycheshi,210
18,https://raw.githubusercontent.com/kevin-wud/v2ray-node/main/clash.yaml,75
19,https://raw.githubusercontent.com/lagzian/SS-Collector/main/mix_clash.yaml,186
20,https://raw.githubusercontent.com/mahdibland/ShadowsocksAggregator/master/Eternity,200
21,https://raw.githubusercontent.com/mahdibland/ShadowsocksAggregator/master/Eternity.txt,200
22,https://raw.githubusercontent.com/mahdibland/V2RayAggregator/master/sub/sub_merge_yaml.yml,5871
23,https://raw.githubusercontent.com/mahdibland/get_v2/main/pub/combine.yaml,40
24,https://raw.githubusercontent.com/mfuu/v2ray/master/merge/merge.txt,477
25,https://raw.githubusercontent.com/mheidari98/.proxy/main/all,0
26,https://raw.githubusercontent.com/moneyfly1/sublist/main/clash.yml,78
27,https://raw.githubusercontent.com/peasoft/NoMoreWalls/master/list.yml,158
28,https://raw.githubusercontent.com/qjlxg/aggregator/main/data/clash.yaml,5540
29,https://raw.githubusercontent.com/renyige1314/CLASH/main/CLASH,60
30,https://raw.githubusercontent.com/ronghuaxueleng/get_v2/main/pub/combine.yaml,187
31,https://raw.githubusercontent.com/soroushmirzaei/telegram-configs-collector/main/protocols/hysteria,62
32,https://raw.githubusercontent.com/soroushmirzaei/telegram-configs-collector/main/protocols/reality,245
33,https://raw.githubusercontent.com/soroushmirzaei/telegram-configs-collector/main/protocols/shadowsocks,614
34,https://raw.githubusercontent.com/soroushmirzaei/telegram-configs-collector/main/protocols/trojan,1221
35,https://raw.githubusercontent.com/soroushmirzaei/telegram-configs-collector/main/protocols/vless,3746
36,https://raw.githubusercontent.com/soroushmirzaei/telegram-configs-collector/main/protocols/vmess,110
37,https://raw.githubusercontent.com/ts-sf/fly/main/clash,200
38,https://raw.githubusercontent.com/yaney01/Yaney01/main/temporary,38
39,https://raw.githubusercontent.com/yebekhe/TelegramV2rayCollector/main/sub/base64/mix,0
40,https://raw.githubusercontent.com/zhangkaiitugithub/passcro/main/speednodes.yaml,69
41,dynamic://peasoft,5

总计,,2666
